"TOA5","73411","CR1000X","73411","CR1000X.8.4.0","CPU:DRF_16122025.CR1X","35504","FTPMonitor"
"TIMESTAMP","RECORD","Batt_volt_Min","FTPResultDRF","FTPResultDRF_Raw","FTPResultRain"
"TS","RN","Volts","","",""
"","","Min","Smp","Smp","Smp"
"2025-12-20 00:10:00",0,12.86,0,0,0
"2025-12-20 06:10:00",1,12.75,0,0,0
"2025-12-20 12:10:00",2,13.56,0,0,0
"2025-12-20 18:10:00",3,13.53,0,0,0
"2025-12-21 00:10:00",4,12.99,0,0,0
"2025-12-21 06:10:00",5,12.78,0,0,0
"2025-12-21 12:10:00",6,13.58,0,0,0
"2025-12-21 18:10:00",7,13.61,0,0,0
"2025-12-22 00:10:00",8,12.98,0,0,0
"2025-12-22 06:10:00",9,12.78,0,0,0
"2025-12-22 12:10:00",10,13.62,0,0,0
"2025-12-22 18:10:00",11,13.62,0,0,0
"2025-12-23 00:10:00",12,12.99,0,0,0
"2025-12-23 06:10:00",13,12.78,0,0,0
"2025-12-23 12:10:00",14,14.47,0,0,0
"2025-12-23 18:10:00",15,13.6,0,0,0
"2025-12-24 00:10:00",16,13.07,0,0,0
"2025-12-24 06:10:00",17,12.97,0,0,0
"2025-12-24 12:10:00",18,13.71,0,0,0
"2025-12-24 18:10:00",19,13.63,0,0,0
"2025-12-25 00:10:00",20,13.05,0,0,0
"2025-12-25 06:10:00",21,12.93,0,0,0
"2025-12-25 12:10:00",22,13.62,0,0,0
"2025-12-25 18:10:00",23,13.53,0,0,0
"2025-12-26 00:10:00",24,13.05,0,0,0
"2025-12-26 06:10:00",25,12.92,0,0,0
"2025-12-26 12:10:00",26,13.56,0,0,0
"2025-12-26 18:10:00",27,13.57,0,0,0
"2025-12-27 00:10:00",28,13.05,0,0,0
"2025-12-27 06:10:00",29,12.9,0,0,0
"2025-12-27 12:10:00",30,13.6,0,0,0
"2025-12-27 18:10:00",31,13.58,0,0,0
"2025-12-28 00:10:00",32,13.06,0,0,0
"2025-12-28 06:10:00",33,12.91,0,0,0
"2025-12-28 12:10:00",34,13.61,0,0,0
"2025-12-28 18:10:00",35,13.6,0,0,0
"2025-12-29 00:10:00",36,13.05,0,0,0
"2025-12-29 06:10:00",37,12.9,0,0,0
"2025-12-29 12:10:00",38,13.92,0,0,0
"2025-12-29 18:10:00",39,13.59,0,0,0
"2025-12-30 00:10:00",40,13.04,0,0,0
"2025-12-30 06:10:00",41,12.89,0,0,0
"2025-12-30 12:10:00",42,14.49,0,0,0
"2025-12-30 18:10:00",43,13.58,0,0,0
"2025-12-31 00:10:00",44,13.05,0,0,0
"2025-12-31 06:10:00",45,12.89,0,0,0
"2025-12-31 12:10:00",46,13.62,0,0,0
"2025-12-31 18:10:00",47,13.57,0,0,0
"2026-01-01 00:10:00",48,13.05,0,0,0
"2026-01-01 06:10:00",49,12.89,0,0,0
"2026-01-01 12:10:00",50,14.48,0,0,0
"2026-01-01 18:10:00",51,13.63,0,0,0
"2026-01-02 00:10:00",52,13.05,0,0,0
"2026-01-02 06:10:00",53,12.89,0,0,0
"2026-01-02 12:10:00",54,14.49,0,0,0
"2026-01-02 18:10:00",55,13.61,0,0,0
"2026-01-03 00:10:00",56,13.06,0,0,0
"2026-01-03 06:10:00",57,12.88,0,0,0
"2026-01-03 12:10:00",58,13.6,0,0,0
"2026-01-03 18:10:00",59,13.59,0,0,0
"2026-01-04 00:10:00",60,13.06,0,0,0
"2026-01-04 06:10:00",61,12.91,0,0,0
"2026-01-04 12:10:00",62,14.48,0,0,0
"2026-01-04 18:10:00",63,13.67,0,0,0
"2026-01-05 00:10:00",64,13.05,0,0,0
"2026-01-05 06:10:00",65,12.89,0,0,0
"2026-01-05 12:10:00",66,14.51,0,0,0
"2026-01-05 18:10:00",67,13.65,0,0,0
"2026-01-06 00:10:00",68,13.05,0,0,0
"2026-01-06 06:10:00",69,12.87,0,0,0
"2026-01-06 12:10:00",70,13.59,0,0,0
"2026-01-06 18:10:00",71,13.59,0,0,0
"2026-01-07 00:10:00",72,13.05,0,0,0
"2026-01-07 06:10:00",73,12.89,0,0,0
"2026-01-07 12:10:00",74,13.59,0,0,0
"2026-01-07 18:10:00",75,13.56,0,0,0
"2026-01-08 00:10:00",76,13.05,0,0,0
"2026-01-08 06:10:00",77,12.88,0,0,0
"2026-01-08 12:10:00",78,13.56,0,0,0
"2026-01-08 18:10:00",79,13.6,0,0,0
"2026-01-09 00:10:00",80,13.05,0,0,0
"2026-01-09 06:10:00",81,12.87,0,0,0
"2026-01-09 12:10:00",82,13.58,0,0,0
"2026-01-09 18:10:00",83,13.57,0,0,0
"2026-01-10 00:10:00",84,13.05,0,0,0
"2026-01-10 06:10:00",85,12.88,0,0,0
"2026-01-10 12:10:00",86,13.57,0,0,0
"2026-01-10 18:10:00",87,13.55,0,0,0
"2026-01-11 00:10:00",88,13.04,0,0,0
"2026-01-11 06:10:00",89,12.88,0,0,0
"2026-01-11 12:10:00",90,13.61,0,0,0
"2026-01-11 18:10:00",91,13.57,0,0,0
"2026-01-12 00:10:00",92,13.05,0,0,0
"2026-01-12 06:10:00",93,12.89,0,0,0
"2026-01-12 12:10:00",94,14.42,0,0,0
"2026-01-12 18:10:00",95,13.57,0,0,0
"2026-01-13 00:10:00",96,13.05,0,0,0
"2026-01-13 06:10:00",97,12.9,0,0,0
"2026-01-13 12:10:00",98,14.42,0,0,0
"2026-01-13 18:10:00",99,13.58,0,0,0
"2026-01-14 00:10:00",100,13.05,0,0,0
"2026-01-14 06:10:00",101,12.89,0,0,0
"2026-01-14 12:10:00",102,13.55,0,0,0
"2026-01-14 18:10:00",103,13.56,0,0,0
"2026-01-15 00:10:00",104,13.05,0,0,0
"2026-01-15 06:10:00",105,12.89,0,0,0
"2026-01-15 12:10:00",106,13.58,0,0,0
"2026-01-15 18:10:00",107,13.59,0,-1,-1
"2026-01-16 00:10:00",108,13.05,0,0,0
"2026-01-16 06:10:00",109,12.88,0,0,0
"2026-01-16 12:10:00",110,13.62,0,-1,-1
"2026-01-16 18:10:00",111,13.6,-1,-1,-2
"2026-01-17 00:10:00",112,13.04,0,0,0
"2026-01-17 06:10:00",113,12.88,0,0,0
"2026-01-17 12:10:00",114,14.47,0,-1,-1
"2026-01-17 18:10:00",115,13.6,0,0,-2
"2026-01-18 00:10:00",116,13.05,0,0,0
"2026-01-18 06:10:00",117,12.89,0,0,0
"2026-01-18 12:10:00",118,13.61,0,-1,-1
"2026-01-18 18:10:00",119,13.54,-1,-1,-2
"2026-01-19 00:10:00",120,13.05,0,0,0
"2026-01-19 06:10:00",121,12.88,0,0,0
"2026-01-19 12:10:00",122,14.43,0,-1,-1
"2026-01-19 18:10:00",123,13.53,-1,-1,-2
"2026-01-20 00:10:00",124,13.05,0,0,0
"2026-01-20 06:10:00",125,12.88,0,0,0
"2026-01-20 12:10:00",126,13.57,0,-1,-1
"2026-01-20 18:10:00",127,13.57,-1,-1,-2
"2026-01-21 00:10:00",128,13.04,0,0,0
"2026-01-21 06:10:00",129,12.88,0,0,0
"2026-01-21 12:10:00",130,13.64,0,-1,-1
"2026-01-21 18:10:00",131,13.59,-1,-1,-1
"2026-01-22 00:10:00",132,13.05,0,0,0
"2026-01-22 06:10:00",133,12.88,0,0,0
"2026-01-22 12:10:00",134,13.55,0,-1,-1
"2026-01-22 18:10:00",135,13.55,-1,-1,-2
"2026-01-23 00:10:00",136,13.03,0,0,0
"2026-01-23 06:10:00",137,12.85,0,0,0
"2026-01-23 12:10:00",138,13.55,0,-1,-1
"2026-01-23 18:10:00",139,13.54,-1,-1,-2
"2026-01-24 00:10:00",140,13.03,0,0,0
"2026-01-24 06:10:00",141,12.86,0,0,0
"2026-01-24 12:10:00",142,13.57,0,-1,-1
"2026-01-24 18:10:00",143,13.53,-1,-1,-2
"2026-01-25 00:10:00",144,13.03,0,0,0
"2026-01-25 06:10:00",145,12.86,0,0,0
"2026-01-25 12:10:00",146,13.56,0,0,0
"2026-01-25 18:10:00",147,13.51,0,0,0
"2026-01-26 00:10:00",148,13.04,0,0,0
"2026-01-26 06:10:00",149,12.86,0,0,0
"2026-01-26 12:10:00",150,13.52,0,-1,-1
"2026-01-26 18:10:00",151,13.57,0,0,-2
"2026-01-27 00:10:00",152,13.04,0,0,0
"2026-01-27 06:10:00",153,12.87,0,0,0
"2026-01-27 12:10:00",154,13.58,0,0,0
"2026-01-27 18:10:00",155,13.58,0,0,0
"2026-01-28 00:10:00",156,13.04,0,0,0
"2026-01-28 06:10:00",157,12.87,0,0,0
"2026-01-28 12:10:00",158,13.57,0,-1,-1
"2026-01-28 18:10:00",159,13.57,0,0,-2
"2026-01-29 00:10:00",160,13.04,0,0,0
"2026-01-29 06:10:00",161,12.88,0,0,0
"2026-01-29 12:10:00",162,14.05,0,0,0
"2026-01-29 18:10:00",163,13.57,0,0,0
"2026-01-30 00:10:00",164,13.05,0,0,0
"2026-01-30 06:10:00",165,12.88,0,0,0
"2026-01-30 12:10:00",166,13.55,0,-1,-1
"2026-01-30 18:10:00",167,13.59,0,0,-2
"2026-01-31 00:10:00",168,13.04,0,0,0
"2026-01-31 06:10:00",169,12.88,0,0,0
"2026-01-31 12:10:00",170,14.05,0,0,0
"2026-01-31 18:10:00",171,13.57,0,0,0
"2026-02-01 00:10:00",172,13.04,0,0,0
"2026-02-01 06:10:00",173,12.87,0,0,0
"2026-02-01 12:10:00",174,13.61,0,-1,-1
"2026-02-01 18:10:00",175,13.54,0,0,-2
"2026-02-02 00:10:00",176,13.05,0,0,0
"2026-02-02 06:10:00",177,12.87,0,0,0
"2026-02-02 12:10:00",178,13.54,0,-1,-1
"2026-02-02 18:10:00",179,13.51,0,0,-2
"2026-02-03 00:10:00",180,13.03,0,0,0
"2026-02-03 06:10:00",181,12.88,0,0,0
"2026-02-03 12:10:00",182,13.52,0,-1,-1
"2026-02-03 18:10:00",183,13.51,0,0,-2
"2026-02-04 00:10:00",184,13.04,0,0,0
"2026-02-04 06:10:00",185,12.87,0,0,0
"2026-02-04 12:10:00",186,13.54,0,-1,-1
"2026-02-04 18:10:00",187,13.56,0,0,-2
"2026-02-05 00:10:00",188,13.04,0,0,0
"2026-02-05 06:10:00",189,12.89,0,0,0
"2026-02-05 12:10:00",190,13.54,0,-1,-1
"2026-02-05 18:10:00",191,13.57,0,0,-2
"2026-02-06 00:10:00",192,13.04,0,0,0
"2026-02-06 06:10:00",193,12.88,0,0,0
"2026-02-06 12:10:00",194,13.57,0,-1,-1
"2026-02-06 18:10:00",195,13.59,0,0,-2
"2026-02-07 00:10:00",196,13.04,0,0,0
"2026-02-07 06:10:00",197,12.88,0,0,0
"2026-02-07 12:10:00",198,13.57,0,-1,-1
"2026-02-07 18:10:00",199,13.56,0,0,-2
"2026-02-08 00:10:00",200,13.04,0,0,0
"2026-02-08 06:10:00",201,12.88,0,0,0
"2026-02-08 12:10:00",202,14.05,0,0,0
"2026-02-08 18:10:00",203,13.57,0,0,0
"2026-02-09 00:10:00",204,13.04,0,0,0
"2026-02-09 06:10:00",205,12.87,0,0,0
"2026-02-09 12:10:00",206,13.58,0,-1,-1
"2026-02-09 18:10:00",207,13.58,0,0,-2
"2026-02-10 00:10:00",208,13.04,0,0,0
"2026-02-10 06:10:00",209,12.88,0,0,0
"2026-02-10 12:10:00",210,13.61,0,-1,-1
"2026-02-10 18:10:00",211,13.58,0,0,-2
"2026-02-11 00:10:00",212,13.04,0,0,0
"2026-02-11 06:10:00",213,12.87,0,0,0
"2026-02-11 12:10:00",214,13.64,0,-1,-1
"2026-02-11 18:10:00",215,13.6,-1,-1,-2
"2026-02-12 00:10:00",216,13.03,0,0,0
"2026-02-12 06:10:00",217,12.86,0,0,0
"2026-02-12 12:10:00",218,13.59,0,-1,-1
"2026-02-12 18:10:00",219,13.61,-1,-1,-2
"2026-02-13 00:10:00",220,13.03,0,0,0
"2026-02-13 06:10:00",221,12.87,0,0,0
"2026-02-13 12:10:00",222,13.61,0,-1,-1
"2026-02-13 18:10:00",223,13.56,-1,-1,-2
"2026-02-14 00:10:00",224,13.03,0,0,0
"2026-02-14 06:10:00",225,12.85,0,0,0
"2026-02-14 12:10:00",226,13.64,0,-1,-1
"2026-02-14 18:10:00",227,13.58,-1,-1,-2
"2026-02-15 00:10:00",228,13.03,0,0,0
"2026-02-15 06:10:00",229,12.85,0,0,0
"2026-02-15 12:10:00",230,14.04,0,0,0
"2026-02-15 18:10:00",231,13.62,0,-1,-1
"2026-02-16 00:10:00",232,13.04,0,0,0
"2026-02-16 06:10:00",233,12.87,0,0,0
"2026-02-16 12:10:00",234,14.05,0,-1,-1
"2026-02-16 18:10:00",235,13.61,-1,-1,-2
"2026-02-17 00:10:00",236,13.04,0,0,0
"2026-02-17 06:10:00",237,12.89,0,0,0
"2026-02-17 12:10:00",238,13.6,0,-1,-1
"2026-02-17 18:10:00",239,13.58,0,0,-2
"2026-02-18 00:10:00",240,13.03,0,0,0
"2026-02-18 06:10:00",241,12.88,0,0,0
"2026-02-18 12:10:00",242,14.04,0,0,0
"2026-02-18 18:10:00",243,13.53,0,0,0
"2026-02-19 00:10:00",244,13.03,0,0,0
"2026-02-19 06:10:00",245,12.86,0,0,0
"2026-02-19 12:10:00",246,14.05,0,0,0
"2026-02-19 18:10:00",247,13.52,0,0,0
"2026-02-20 00:10:00",248,13.03,0,0,0
"2026-02-20 06:10:00",249,12.86,0,0,0
"2026-02-20 12:10:00",250,13.62,0,0,0
"2026-02-20 18:10:00",251,13.56,0,0,0
"2026-02-21 00:10:00",252,13.03,0,0,0
"2026-02-21 06:10:00",253,12.86,0,0,0
"2026-02-21 12:10:00",254,13.56,0,-1,-1
"2026-02-21 18:10:00",255,13.58,0,0,-2
"2026-02-22 00:10:00",256,13.03,0,0,0
"2026-02-22 06:10:00",257,12.87,0,0,0
"2026-02-22 12:10:00",258,13.59,0,-1,-1
"2026-02-22 18:10:00",259,13.57,0,0,-2
"2026-02-23 00:10:00",260,13.03,0,0,0
"2026-02-23 06:10:00",261,12.87,0,0,0
"2026-02-23 12:10:00",262,13.64,0,0,0
"2026-02-23 18:10:00",263,13.59,0,0,0
"2026-02-24 00:10:00",264,13.03,0,0,0
"2026-02-24 06:10:00",265,12.88,0,0,0
"2026-02-24 12:10:00",266,14.05,0,0,0
"2026-02-24 18:10:00",267,13.55,0,0,0
"2026-02-25 00:10:00",268,13.03,0,0,0
"2026-02-25 06:10:00",269,12.87,0,0,0
"2026-02-25 12:10:00",270,14.05,0,0,0
"2026-02-25 18:10:00",271,13.57,0,0,0
"2026-02-26 00:10:00",272,13.03,0,0,0
"2026-02-26 06:10:00",273,12.88,0,0,0
"2026-02-26 12:10:00",274,14.05,0,0,0
"2026-02-26 18:10:00",275,13.63,0,0,0
"2026-02-27 00:10:00",276,13.04,0,0,0
"2026-02-27 06:10:00",277,12.87,0,0,0
"2026-02-27 12:10:00",278,14.05,0,0,0
"2026-02-27 18:10:00",279,13.65,0,0,0
"2026-02-28 00:10:00",280,13.03,0,0,0
"2026-02-28 06:10:00",281,12.88,0,0,0
"2026-02-28 12:10:00",282,14.05,0,0,0
"2026-02-28 18:10:00",283,13.57,0,0,0
"2026-03-01 00:10:00",284,13.03,0,0,0
"2026-03-01 06:10:00",285,12.87,0,0,0
"2026-03-01 12:10:00",286,14.04,0,0,0
"2026-03-01 18:10:00",287,13.62,0,0,0
"2026-03-02 00:10:00",288,13.03,0,0,0
"2026-03-02 06:10:00",289,12.89,0,0,0
"2026-03-02 12:10:00",290,14.04,0,-1,-1
"2026-03-02 18:10:00",291,13.55,0,0,-2
"2026-03-03 00:10:00",292,13.04,0,0,0
"2026-03-03 06:10:00",293,12.9,0,0,0
"2026-03-03 12:10:00",294,14.06,0,0,0
"2026-03-03 18:10:00",295,13.62,0,0,0
"2026-03-04 00:10:00",296,13.04,0,0,0
"2026-03-04 06:10:00",297,12.9,0,0,0
"2026-03-04 12:10:00",298,14.05,0,0,0
"2026-03-04 18:10:00",299,13.63,0,0,0
"2026-03-05 00:10:00",300,13.04,0,0,0
"2026-03-05 06:10:00",301,12.87,0,0,0
"2026-03-05 12:10:00",302,14.05,0,0,0
"2026-03-05 18:10:00",303,13.59,0,0,0
"2026-03-06 00:10:00",304,13.03,0,0,0
"2026-03-06 06:10:00",305,12.89,0,0,0
"2026-03-06 12:10:00",306,14.04,0,0,0
"2026-03-06 18:10:00",307,13.64,0,0,0
"2026-03-07 00:10:00",308,13.03,0,0,0
"2026-03-07 06:10:00",309,12.85,0,0,0
"2026-03-07 12:10:00",310,13.59,0,-1,-1
"2026-03-07 18:10:00",311,13.54,-1,-1,-2
"2026-03-08 00:10:00",312,13.03,0,0,0
"2026-03-08 06:10:00",313,12.89,0,0,0
"2026-03-08 12:10:00",314,13.57,0,-1,-1
"2026-03-08 18:10:00",315,13.58,-1,-1,-2
"2026-03-09 00:10:00",316,13.03,0,0,0
"2026-03-09 06:10:00",317,12.88,0,0,0
"2026-03-09 12:10:00",318,13.58,0,-1,-1
"2026-03-09 18:10:00",319,13.59,-1,-1,-2
"2026-03-10 00:10:00",320,13.03,0,0,0
"2026-03-10 06:10:00",321,12.89,0,0,0
"2026-03-10 12:10:00",322,14.05,0,0,0
"2026-03-10 18:10:00",323,13.59,0,0,0
"2026-03-11 00:10:00",324,13.03,0,0,0
"2026-03-11 06:10:00",325,12.89,0,0,0
"2026-03-11 12:10:00",326,14.03,0,0,0
"2026-03-11 18:10:00",327,13.62,0,0,0
"2026-03-12 00:10:00",328,13.04,0,0,0
"2026-03-12 06:10:00",329,12.89,0,0,0
"2026-03-12 12:10:00",330,14.06,0,0,0
"2026-03-12 18:10:00",331,13.63,-1,-1,-1
"2026-03-13 00:10:00",332,13,-1,-1,-1
"2026-03-13 06:10:00",333,12.8,-1,-1,-1
"2026-03-13 12:10:00",334,14.03,-1,-1,-1
"2026-03-13 18:10:00",335,13.64,-1,-1,-1
"2026-03-14 00:10:00",336,13.01,-1,-1,-1
"2026-03-14 06:10:00",337,12.82,-1,-1,-1
"2026-03-14 12:10:00",338,14.05,-1,-1,-1
"2026-03-14 18:10:00",339,13.63,-1,-1,-1
"2026-03-15 00:10:00",340,13,-1,-1,-1
"2026-03-15 06:10:00",341,12.83,-1,-1,-1
"2026-03-15 12:10:00",342,14.04,-1,-1,-1
"2026-03-15 18:10:00",343,13.63,-1,-1,-1
"2026-03-16 00:10:00",344,13.01,-1,-1,-1
"2026-03-16 06:10:00",345,12.82,-1,-1,-1
"2026-03-16 12:10:00",346,13.63,-1,-1,-1
"2026-03-16 18:10:00",347,13.61,-1,-1,-1
"2026-03-17 00:10:00",348,13,-1,-1,-1
"2026-03-17 06:10:00",349,12.84,-1,-1,-1
"2026-03-17 12:10:00",350,13.65,-1,-1,-1
"2026-03-17 18:10:00",351,13.59,-1,-1,-1
"2026-03-18 00:10:00",352,13,-1,-1,-1
"2026-03-18 06:10:00",353,12.87,-1,-1,-1
"2026-03-18 12:10:00",354,14.05,-1,-1,-1
"2026-03-18 18:10:00",355,13.61,-1,-1,-1
"2026-03-19 00:10:00",356,12.99,-1,-1,-1
"2026-03-19 06:10:00",357,12.85,-1,-1,-1
"2026-03-19 12:10:00",358,14.03,-1,-1,-1
"2026-03-19 18:10:00",359,13.6,-1,-1,-1
"2026-03-20 00:10:00",360,13,-1,-1,-1
"2026-03-20 06:10:00",361,12.84,-1,-1,-1
"2026-03-20 12:10:00",362,14.06,-1,-1,-1
"2026-03-20 18:10:00",363,13.58,-1,-1,-1
"2026-03-21 00:10:00",364,13.01,-1,-1,-1
"2026-03-21 06:10:00",365,12.85,-1,-1,-1
"2026-03-21 12:10:00",366,13.64,-1,-1,-1
"2026-03-21 18:10:00",367,13.63,-1,-1,-1
"2026-03-22 00:10:00",368,12.98,-1,-1,-1
"2026-03-22 06:10:00",369,12.85,-1,-1,-1
"2026-03-22 12:10:00",370,13.63,-1,-1,-1
"2026-03-22 18:10:00",371,13.64,-1,-1,-1
"2026-03-23 00:10:00",372,12.98,-1,-1,-1
"2026-03-23 06:10:00",373,12.83,-1,-1,-1
"2026-03-23 12:10:00",374,13.64,-1,-1,-1
"2026-03-23 18:10:00",375,13.64,-1,-1,-1
"2026-03-24 00:10:00",376,13,-1,-1,-1
"2026-03-24 06:10:00",377,12.85,-1,-1,-1
"2026-03-24 12:10:00",378,13.64,-1,-1,-1
"2026-03-24 18:10:00",379,13.64,-1,-1,-1
"2026-03-25 00:10:00",380,12.99,-1,-1,-1
"2026-03-25 06:10:00",381,12.83,-1,-1,-1
"2026-03-25 12:10:00",382,14.04,-1,-1,-1
"2026-03-25 18:10:00",383,13.64,-1,-1,-1
"2026-03-26 00:10:00",384,13,-1,-1,-1
"2026-03-26 06:10:00",385,12.83,-1,-1,-1
"2026-03-26 12:10:00",386,14.05,-1,-1,-1
"2026-03-26 18:10:00",387,13.63,-1,-1,-1
"2026-03-27 00:10:00",388,12.99,-1,-1,-1
"2026-03-27 06:10:00",389,12.85,-1,-1,-1
"2026-03-27 12:10:00",390,14.03,-1,-1,-1
"2026-03-27 18:10:00",391,13.64,-1,-1,-1
"2026-03-28 00:10:00",392,13,-1,-1,-1
"2026-03-28 06:10:00",393,12.82,-1,-1,-1
"2026-03-28 12:10:00",394,14.04,-1,-1,-1
"2026-03-28 18:10:00",395,13.64,-1,-1,-1
"2026-03-29 00:10:00",396,13,-1,-1,-1
"2026-03-29 06:10:00",397,12.84,-1,-1,-1
"2026-03-29 12:10:00",398,13.61,-1,-1,-1
"2026-03-29 18:10:00",399,13.61,-1,-1,-1
"2026-03-30 00:10:00",400,13,-1,-1,-1
"2026-03-30 06:10:00",401,12.84,-1,-1,-1
"2026-03-30 12:10:00",402,13.93,-1,-1,-1
"2026-03-30 18:10:00",403,13.65,-1,-1,-1
"2026-03-31 00:10:00",404,12.99,-1,-1,-1
"2026-03-31 06:10:00",405,12.85,-1,-1,-1
"2026-03-31 12:10:00",406,14.04,-1,-1,-1
"2026-03-31 18:10:00",407,13.65,-1,-1,-1
"2026-04-01 00:10:00",408,13.01,-1,-1,-1
"2026-04-01 06:10:00",409,12.87,-1,-1,-1
"2026-04-01 12:10:00",410,14.05,-1,-1,-1
"2026-04-01 18:10:00",411,13.61,-1,-1,-1
"2026-04-02 00:10:00",412,12.98,-1,-1,-1
"2026-04-02 06:10:00",413,12.87,-1,-1,-1
"2026-04-02 12:10:00",414,13.76,-1,-1,-1
"2026-04-02 18:10:00",415,13.64,-1,-1,-1
"2026-04-03 00:10:00",416,12.99,-1,-1,-1
"2026-04-03 06:10:00",417,12.84,-1,-1,-1
"2026-04-03 12:10:00",418,13.9,-1,-1,-1
"2026-04-03 18:10:00",419,13.64,-1,-1,-1
"2026-04-04 00:10:00",420,12.99,-1,-1,-1
"2026-04-04 06:10:00",421,12.83,-1,-1,-1
"2026-04-04 12:10:00",422,13.89,-1,-1,-1
"2026-04-04 18:10:00",423,13.61,-1,-1,-1
"2026-04-05 00:10:00",424,13,-1,-1,-1
"2026-04-05 06:10:00",425,12.86,-1,-1,-1
"2026-04-05 12:10:00",426,13.86,-1,-1,-1
"2026-04-05 18:10:00",427,13.63,-1,-1,-1
"2026-04-06 00:10:00",428,13,-1,-1,-1
"2026-04-06 06:10:00",429,12.83,-1,-1,-1
"2026-04-06 12:10:00",430,13.83,-1,-1,-1
"2026-04-06 18:10:00",431,13.63,-1,-1,-1
"2026-04-07 00:10:00",432,12.99,-1,-1,-1
"2026-04-07 06:10:00",433,12.83,-1,-1,-1
"2026-04-07 12:10:00",434,13.65,-1,-1,-1
"2026-04-07 18:10:00",435,13.65,-1,-1,-1
"2026-04-08 00:10:00",436,12.98,-1,-1,-1
"2026-04-08 06:10:00",437,12.83,-1,-1,-1
"2026-04-08 12:10:00",438,13.78,-1,-1,-1
"2026-04-08 18:10:00",439,13.64,-1,-1,-1
"2026-04-09 00:10:00",440,12.98,-1,-1,-1
"2026-04-09 06:10:00",441,12.83,-1,-1,-1
"2026-04-09 12:10:00",442,13.68,-1,-1,-1
"2026-04-09 18:10:00",443,13.61,-1,-1,-1
"2026-04-10 00:10:00",444,12.97,-1,-1,-1
"2026-04-10 06:10:00",445,12.8,-1,-1,-1
"2026-04-10 12:10:00",446,14.06,-1,-1,-1
"2026-04-10 18:10:00",447,13.61,-1,-1,-1
"2026-04-11 00:10:00",448,12.98,-1,-1,-1
"2026-04-11 06:10:00",449,12.86,-1,-1,-1
"2026-04-11 12:10:00",450,13.63,-1,-1,-1
"2026-04-11 18:10:00",451,13.66,-1,-1,-1
"2026-04-12 00:10:00",452,12.96,-1,-1,-1
"2026-04-12 06:10:00",453,12.84,-1,-1,-1
"2026-04-12 12:10:00",454,13.62,-1,-1,-1
"2026-04-12 18:10:00",455,13.64,-1,-1,-1
"2026-04-13 00:10:00",456,12.98,-1,-1,-1
"2026-04-13 06:10:00",457,12.83,-1,-1,-1
"2026-04-13 12:10:00",458,13.85,-1,-1,-1
"2026-04-13 18:10:00",459,13.64,-1,-1,-1
"2026-04-14 00:10:00",460,12.97,-1,-1,-1
"2026-04-14 06:10:00",461,12.83,-1,-1,-1
"2026-04-14 12:10:00",462,13.65,-1,-1,-1
"2026-04-14 18:10:00",463,13.61,-1,-1,-1
"2026-04-15 00:10:00",464,12.99,-1,-1,-1
"2026-04-15 06:10:00",465,12.84,-1,-1,-1
"2026-04-15 12:10:00",466,13.64,-1,-1,-1
"2026-04-15 18:10:00",467,13.64,-1,-1,-1
"2026-04-16 00:10:00",468,12.97,-1,-1,-1
"2026-04-16 06:10:00",469,12.85,-1,-1,-1
"2026-04-16 12:10:00",470,13.67,-1,-1,-1
"2026-04-16 18:10:00",471,13.64,-1,-1,-1
"2026-04-17 00:10:00",472,12.98,-1,-1,-1
"2026-04-17 06:10:00",473,12.79,-1,-1,-1
"2026-04-17 12:10:00",474,13.45,-1,-1,-1
"2026-04-17 18:10:00",475,13.64,-1,-1,-1
"2026-04-18 00:10:00",476,12.99,-1,-1,-1
"2026-04-18 06:10:00",477,12.81,-1,-1,-1
"2026-04-18 12:10:00",478,13.76,-1,-1,-1
"2026-04-18 18:10:00",479,13.65,-1,-1,-1
"2026-04-19 00:10:00",480,12.99,-1,-1,-1
"2026-04-19 06:10:00",481,12.86,-1,-1,-1
"2026-04-19 12:10:00",482,13.78,-1,-1,-1
"2026-04-19 18:10:00",483,13.48,-1,-1,-1
"2026-04-20 00:10:00",484,12.97,-1,-1,-1
"2026-04-20 06:10:00",485,12.79,-1,-1,-1
"2026-04-20 12:10:00",486,14.05,-1,-1,-1
"2026-04-20 18:10:00",487,13.64,-1,-1,-1
"2026-04-21 00:10:00",488,12.98,-1,-1,-1
"2026-04-21 06:10:00",489,12.85,-1,-1,-1
"2026-04-21 12:10:00",490,13.64,-1,-1,-1
"2026-04-21 18:10:00",491,13.64,-1,-1,-1
"2026-04-22 00:10:00",492,12.96,-1,-1,-1
"2026-04-22 06:10:00",493,12.83,-1,-1,-1
"2026-04-22 12:10:00",494,14.03,-1,-1,-1
"2026-04-22 18:10:00",495,13.63,-1,-1,-1
"2026-04-23 00:10:00",496,12.96,-1,-1,-1
"2026-04-23 06:10:00",497,12.82,-1,-1,-1
"2026-04-23 12:10:00",498,13.61,-1,-1,-1
"2026-04-23 18:10:00",499,13.63,-1,-1,-1
"2026-04-24 00:10:00",500,12.98,-1,-1,-1
"2026-04-24 06:10:00",501,12.8,-1,-1,-1
"2026-04-24 12:10:00",502,13.52,-1,-1,-1
"2026-04-24 18:10:00",503,13.59,-1,-1,-1
"2026-04-25 00:10:00",504,12.97,-1,-1,-1
"2026-04-25 06:10:00",505,12.82,-1,-1,-1
"2026-04-25 12:10:00",506,13.59,-1,-1,-1
"2026-04-25 18:10:00",507,13.63,-1,-1,-1
"2026-04-26 00:10:00",508,12.96,-1,-1,-1
"2026-04-26 06:10:00",509,12.81,-1,-1,-1
"2026-04-26 12:10:00",510,13.49,-1,-1,-1
"2026-04-26 18:10:00",511,13.31,-1,-1,-1
"2026-04-27 00:10:00",512,12.96,-1,-1,-1
"2026-04-27 06:10:00",513,12.75,-1,-1,-1
"2026-04-27 12:10:00",514,13.54,-1,-1,-1
"2026-04-27 18:10:00",515,13.39,-1,-1,-1
"2026-04-28 00:10:00",516,12.96,-1,-1,-1
"2026-04-28 06:10:00",517,12.8,-1,-1,-1
"2026-04-28 12:10:00",518,13.5,0,0,0
"2026-04-28 18:10:00",519,13.64,-1,-1,0
"2026-04-29 00:10:00",520,12.94,-1,-1,-1
"2026-04-29 06:10:00",521,12.76,-1,-1,-1
"2026-04-29 12:10:00",522,13.64,-1,-1,-1
"2026-04-29 18:10:00",523,13.25,-1,-1,-1
"2026-04-30 00:10:00",524,12.94,-1,-1,-1
"2026-04-30 06:10:00",525,12.74,-1,-1,-1
"2026-04-30 12:10:00",526,13.39,-1,-1,-1
"2026-04-30 18:10:00",527,13.64,-1,-1,-1
"2026-05-01 00:10:00",528,12.96,-1,-1,-1
"2026-05-01 06:10:00",529,12.8,-1,-1,-1
"2026-05-01 12:10:00",530,14.03,-1,-1,-1
"2026-05-01 18:10:00",531,13.64,-1,-1,-1
"2026-05-02 00:10:00",532,12.96,-1,-1,-1
"2026-05-02 06:10:00",533,12.85,-1,-1,-1
"2026-05-02 12:10:00",534,13.67,-1,-1,-1
"2026-05-02 18:10:00",535,13.22,-1,-1,-1
"2026-05-03 00:10:00",536,12.94,-1,-1,-1
"2026-05-03 06:10:00",537,12.73,-1,-1,-1
"2026-05-03 12:10:00",538,13.54,-1,-1,-1
"2026-05-03 18:10:00",539,13.43,-1,-1,-1
"2026-05-04 00:10:00",540,12.94,-1,-1,-1
"2026-05-04 06:10:00",541,12.82,-1,-1,-1
"2026-05-04 12:10:00",542,13.61,-1,-1,-1
"2026-05-04 18:10:00",543,13.53,-1,-1,-1
"2026-05-05 00:10:00",544,12.94,-1,-1,-1
"2026-05-05 06:10:00",545,12.82,-1,-1,-1
"2026-05-05 12:10:00",546,14.05,-1,-1,-1
"2026-05-05 18:10:00",547,13.62,-1,-1,-1
"2026-05-06 00:10:00",548,12.95,-1,-1,-1
"2026-05-06 06:10:00",549,12.82,-1,-1,-1
"2026-05-06 12:10:00",550,14.05,-1,-1,-1
"2026-05-06 18:10:00",551,13.64,-1,-1,-1
"2026-05-07 00:10:00",552,12.96,-1,-1,-1
"2026-05-07 06:10:00",553,12.82,-1,-1,-1
"2026-05-07 12:10:00",554,13.64,-1,-1,-1
"2026-05-07 18:10:00",555,13.63,-1,-1,-1
"2026-05-08 00:10:00",556,12.94,-1,-1,-1
"2026-05-08 06:10:00",557,12.83,-1,-1,-1
"2026-05-08 12:10:00",558,13.64,-1,-1,-1
"2026-05-08 18:10:00",559,13.64,-1,-1,-1
"2026-05-09 00:10:00",560,12.95,-1,-1,-1
"2026-05-09 06:10:00",561,12.82,-1,-1,-1
"2026-05-09 12:10:00",562,13.56,-1,-1,-1
"2026-05-09 18:10:00",563,13.48,-1,-1,-1
"2026-05-10 00:10:00",564,12.92,-1,-1,-1
"2026-05-10 06:10:00",565,12.75,-1,-1,-1
"2026-05-10 12:10:00",566,13.6,-1,-1,-1
"2026-05-10 18:10:00",567,13.4,-1,-1,-1
"2026-05-11 00:10:00",568,12.94,-1,-1,-1
"2026-05-11 06:10:00",569,12.73,-1,-1,-1
"2026-05-11 12:10:00",570,13.5,-1,-1,-1
"2026-05-11 18:10:00",571,13.16,-1,-1,-1
"2026-05-12 00:10:00",572,12.89,-1,-1,-1
"2026-05-12 06:10:00",573,12.66,0,0,0
"2026-05-12 12:10:00",574,13.92,-1,-1,0
"2026-05-12 18:10:00",575,13.34,-1,-1,-1
"2026-05-13 00:10:00",576,12.93,-1,-1,-1
"2026-05-13 06:10:00",577,12.83,-1,-1,-1
"2026-05-13 12:10:00",578,13.61,-1,-1,-1
"2026-05-13 18:10:00",579,13.24,-1,-1,-1
"2026-05-14 00:10:00",580,12.92,-1,-1,-1
"2026-05-14 06:10:00",581,12.77,-1,-1,-1
"2026-05-14 12:10:00",582,13.4,0,0,0
"2026-05-14 18:10:00",583,13.63,-1,-1,0
"2026-05-15 00:10:00",584,12.93,-1,-1,-1
"2026-05-15 06:10:00",585,12.78,-1,-1,-1
"2026-05-15 12:10:00",586,14.03,-1,-1,-1
"2026-05-15 18:10:00",587,13.63,-1,-1,-1
"2026-05-16 00:10:00",588,12.95,-1,-1,-1
"2026-05-16 06:10:00",589,12.84,-1,-1,-1
"2026-05-16 12:10:00",590,13.53,-1,-1,-1
"2026-05-16 18:10:00",591,13.65,-1,-1,-1
"2026-05-17 00:10:00",592,12.93,-1,-1,-1
"2026-05-17 06:10:00",593,12.82,-1,-1,-1
"2026-05-17 12:10:00",594,13.34,-1,-1,-1
"2026-05-17 18:10:00",595,13.38,-1,-1,-1
"2026-05-18 00:10:00",596,12.89,-1,-1,-1
"2026-05-18 06:10:00",597,12.72,-1,-1,-1
"2026-05-18 12:10:00",598,13.55,-1,-1,-1
"2026-05-18 18:10:00",599,13.36,-1,-1,-1
"2026-05-19 00:10:00",600,12.94,-1,-1,-1
"2026-05-19 06:10:00",601,12.77,-1,-1,-1
"2026-05-19 12:10:00",602,13.44,0,0,0
"2026-05-19 18:10:00",603,13.64,-1,-1,0
"2026-05-20 00:10:00",604,12.94,-1,-1,-1
"2026-05-20 06:10:00",605,12.81,-1,-1,-1
"2026-05-20 12:10:00",606,13.47,-1,-1,-1
"2026-05-20 18:10:00",607,13.27,-1,-1,-1
"2026-05-21 00:10:00",608,12.92,-1,-1,-1
"2026-05-21 06:10:00",609,12.77,-1,-1,-1
"2026-05-21 12:10:00",610,13.41,-1,-1,-1
"2026-05-21 18:10:00",611,13.64,-1,-1,-1
"2026-05-22 00:10:00",612,12.93,-1,-1,-1
"2026-05-22 06:10:00",613,12.8,-1,-1,-1
"2026-05-22 12:10:00",614,13.42,-1,-1,-1
"2026-05-22 18:10:00",615,13.64,-1,-1,-1
"2026-05-23 00:10:00",616,12.91,-1,-1,-1
"2026-05-23 06:10:00",617,12.78,-1,-1,-1
"2026-05-23 12:10:00",618,14.04,-1,-1,-1
"2026-05-23 18:10:00",619,13.64,-1,-1,-1
"2026-05-24 00:10:00",620,12.93,-1,-1,-1
"2026-05-24 06:10:00",621,12.76,-1,-1,-1
"2026-05-24 12:10:00",622,13.63,-1,-1,-1
"2026-05-24 18:10:00",623,13.63,-1,-1,-1
"2026-05-25 00:10:00",624,12.93,-1,-1,-1
"2026-05-25 06:10:00",625,12.78,-1,-1,-1
"2026-05-25 12:10:00",626,13.64,-1,-1,-1
"2026-05-25 18:10:00",627,13.65,-1,-1,-1
"2026-05-26 00:10:00",628,12.94,-1,-1,-1
"2026-05-26 06:10:00",629,12.8,-1,-1,-1
"2026-05-26 12:10:00",630,14.03,-1,-1,-1
"2026-05-26 18:10:00",631,13.64,-1,-1,-1
"2026-05-27 00:10:00",632,12.92,-1,-1,-1
"2026-05-27 06:10:00",633,12.81,-1,-1,-1
"2026-05-27 12:10:00",634,14.03,-1,-1,-1
"2026-05-27 18:10:00",635,13.63,-1,-1,-1
"2026-05-28 00:10:00",636,12.92,-1,-1,-1
"2026-05-28 06:10:00",637,12.79,-1,-1,-1
"2026-05-28 12:10:00",638,13.63,-1,-1,-1
"2026-05-28 18:10:00",639,13.63,-1,-1,-1
"2026-05-29 00:10:00",640,12.94,-1,-1,-1
"2026-05-29 06:10:00",641,12.82,-1,-1,-1
"2026-05-29 12:10:00",642,13.64,-1,-1,-1
"2026-05-29 18:10:00",643,13.18,-1,-1,-1
"2026-05-30 00:10:00",644,12.9,-1,-1,-1
"2026-05-30 06:10:00",645,12.72,-1,-1,-1
"2026-05-30 12:10:00",646,13.39,-1,-1,-1
"2026-05-30 18:10:00",647,13.07,-1,-1,-1
"2026-05-31 00:10:00",648,12.71,-1,-1,-1
"2026-05-31 06:10:00",649,12.67,0,0,0
"2026-05-31 12:10:00",650,13.52,0,0,0
"2026-05-31 18:10:00",651,13.62,-1,-1,0
"2026-06-01 00:10:00",652,12.94,-1,-1,-1
"2026-06-01 06:10:00",653,12.82,-1,-1,-1
"2026-06-01 12:10:00",654,13.61,-1,-1,-1
"2026-06-01 18:10:00",655,13.6,-1,-1,-1
"2026-06-02 00:10:00",656,12.92,-1,-1,-1
"2026-06-02 06:10:00",657,12.8,-1,-1,-1
"2026-06-02 12:10:00",658,13.62,-1,-1,-1
"2026-06-02 18:10:00",659,13.65,-1,-1,-1
"2026-06-03 00:10:00",660,12.93,-1,-1,-1
"2026-06-03 06:10:00",661,12.8,-1,-1,-1
"2026-06-03 12:10:00",662,13.64,-1,-1,-1
"2026-06-03 18:10:00",663,13.63,-1,-1,-1
"2026-06-04 00:10:00",664,12.93,-1,-1,-1
"2026-06-04 06:10:00",665,12.82,-1,-1,-1
"2026-06-04 12:10:00",666,13.7,-1,-1,-1
"2026-06-04 18:10:00",667,13.63,-1,-1,-1
"2026-06-05 00:10:00",668,12.93,-1,-1,-1
"2026-06-05 06:10:00",669,12.81,-1,-1,-1
"2026-06-05 12:10:00",670,13.4,-1,-1,-1
"2026-06-05 18:10:00",671,13.18,-1,-1,-1
"2026-06-06 00:10:00",672,12.86,-1,-1,-1
"2026-06-06 06:10:00",673,12.72,-1,-1,-1
"2026-06-06 12:10:00",674,13.63,-1,-1,-1
"2026-06-06 18:10:00",675,13.64,-1,-1,-1
"2026-06-07 00:10:00",676,12.91,-1,-1,-1
"2026-06-07 06:10:00",677,12.81,-1,-1,-1
"2026-06-07 12:10:00",678,13.49,-1,-1,-1
"2026-06-07 18:10:00",679,13.64,-1,-1,-1
"2026-06-08 00:10:00",680,12.92,-1,-1,-1
"2026-06-08 06:10:00",681,12.79,-1,-1,-1
"2026-06-08 12:10:00",682,13.35,-1,-1,-1
"2026-06-08 18:10:00",683,13.24,-1,-1,-1
"2026-06-09 00:10:00",684,12.87,-1,-1,-1
"2026-06-09 06:10:00",685,12.71,-1,-1,-1
"2026-06-09 12:10:00",686,13.58,-1,-1,-1
"2026-06-09 18:10:00",687,13.35,-1,-1,-1
"2026-06-10 00:10:00",688,12.93,-1,-1,-1
"2026-06-10 06:10:00",689,12.79,-1,-1,-1
"2026-06-10 12:10:00",690,13.45,-1,-1,-1
"2026-06-10 18:10:00",691,13.27,0,0,0
"2026-06-11 00:10:00",692,12.91,-1,-1,0
"2026-06-11 06:10:00",693,12.74,-1,-1,-1
"2026-06-11 12:10:00",694,13.63,-1,-1,-1
"2026-06-11 18:10:00",695,13.63,-1,-1,-1
"2026-06-12 00:10:00",696,12.93,-1,-1,-1
"2026-06-12 06:10:00",697,12.8,-1,-1,-1
"2026-06-12 12:10:00",698,13.63,-1,-1,-1
"2026-06-12 18:10:00",699,13.63,-1,-1,-1
"2026-06-13 00:10:00",700,12.91,-1,-1,-1
"2026-06-13 06:10:00",701,12.81,-1,-1,-1
"2026-06-13 12:10:00",702,13.21,-1,-1,-1
"2026-06-13 18:10:00",703,13.15,-1,-1,-1
"2026-06-14 00:10:00",704,12.88,-1,-1,-1
"2026-06-14 06:10:00",705,12.68,-1,-1,-1
"2026-06-14 12:10:00",706,13.41,-1,-1,-1
"2026-06-14 18:10:00",707,13.12,-1,-1,-1
"2026-06-15 00:10:00",708,12.86,-1,-1,-1
"2026-06-15 06:10:00",709,12.72,0,0,0
"2026-06-15 12:10:00",710,13.25,0,0,0
"2026-06-15 18:10:00",711,13.39,-1,-1,0
"2026-06-16 00:10:00",712,12.83,-1,-1,-1
